{
  "name": "ssf2020-mse",
  "description": "Inference (entropy-estimation)",
  "results": {
    "q": [
      "ssf2020-mse-1-entropy-estimation",
      "ssf2020-mse-2-entropy-estimation",
      "ssf2020-mse-3-entropy-estimation",
      "ssf2020-mse-4-entropy-estimation"
    ],
    "psnr-y": [
      29.55303955078125,
      30.850343704223633,
      32.58269691467285,
      34.219295501708984
    ],
    "psnr-u": [
      37.0864143371582,
      37.74662780761719,
      38.7950382232666,
      39.634267807006836
    ],
    "psnr-v": [
      39.33597183227539,
      40.510108947753906,
      41.770782470703125,
      42.79391860961914
    ],
    "psnr-yuv": [
      32.439093589782715,
      33.609683990478516,
      35.149436950683594,
      36.5508975982666
    ],
    "ms-ssim-rgb": [
      0.952402263879776,
      0.9631543159484863,
      0.9722685217857361,
      0.97977215051651
    ],
    "mse-rgb": [
      83.3358383178711,
      63.16250228881836,
      43.104806900024414,
      29.430177688598633
    ],
    "psnr-rgb": [
      28.94842529296875,
      30.196303367614746,
      31.831483840942383,
      33.536272048950195
    ],
    "bitrate": [
      128.45747514204544,
      190.3109634506119,
      296.4284885036838,
      403.8752458479021
    ]
  }
}